true/pred,Mandarin,东北,东南,北京,西南,广东,河南
Mandarin,0.999495,0.000000,0.000000,0.000000,0.000000,0.000505,0.000000
东北,0.000000,0.491736,0.008264,0.487603,0.008264,0.000000,0.004132
东南,0.000000,0.003571,0.832143,0.042857,0.000000,0.121429,0.000000
北京,0.000000,0.068100,0.236559,0.609319,0.017921,0.053763,0.014337
西南,0.000000,0.000000,0.001807,0.000903,0.831978,0.105691,0.059621
广东,0.000000,0.000000,0.002283,0.000000,0.189498,0.760274,0.047945
河南,0.000000,0.000000,0.000000,0.000779,0.163551,0.073988,0.761682
