true/pred,Mandarin,东北,东南,北京,西南,广东,河南
Mandarin,0.995452,0.000000,0.000000,0.004548,0.000000,0.000000,0.000000
东北,0.000000,0.652893,0.049587,0.268595,0.000000,0.028926,0.000000
东南,0.000000,0.028571,0.882143,0.082143,0.000000,0.007143,0.000000
北京,0.000000,0.060932,0.591398,0.311828,0.014337,0.017921,0.003584
西南,0.003613,0.000000,0.035230,0.010840,0.514905,0.144535,0.290876
广东,0.004566,0.000000,0.020548,0.022831,0.251142,0.552511,0.148402
河南,0.018692,0.000000,0.005452,0.001558,0.316978,0.096573,0.560748
