true/pred,Mandarin,东北,东南,北京,西南,广东,河南
Mandarin,1.000000,0.000000,0.000000,0.000000,0.000000,0.000000,0.000000
东北,0.000000,0.508264,0.020661,0.471074,0.000000,0.000000,0.000000
东南,0.000000,0.021429,0.778571,0.071429,0.003571,0.125000,0.000000
北京,0.000000,0.093190,0.075269,0.767025,0.007168,0.046595,0.010753
西南,0.000000,0.000000,0.006323,0.001807,0.757001,0.156278,0.078591
广东,0.000000,0.000000,0.006849,0.004566,0.232877,0.668950,0.086758
河南,0.000000,0.000000,0.000779,0.001558,0.166667,0.050623,0.780374
