true/pred,Mandarin,东北,东南,北京,西南,广东,河南
Mandarin,0.994947,0.000000,0.000505,0.000000,0.002021,0.002021,0.000505
东北,0.012397,0.479339,0.045455,0.396694,0.016529,0.041322,0.008264
东南,0.000000,0.010714,0.614286,0.021429,0.210714,0.139286,0.003571
北京,0.021505,0.150538,0.060932,0.304659,0.043011,0.082437,0.336918
西南,0.001807,0.002710,0.000000,0.009033,0.778681,0.179765,0.028004
广东,0.000000,0.002283,0.000000,0.006849,0.116438,0.819635,0.054795
河南,0.000000,0.000779,0.000779,0.006231,0.102025,0.140187,0.750000
