true/pred,Mandarin,东北,东南,北京,西南,广东,河南
Mandarin,1.000000,0.000000,0.000000,0.000000,0.000000,0.000000,0.000000
东北,0.000000,0.619835,0.000000,0.380165,0.000000,0.000000,0.000000
东南,0.000000,0.007143,0.917857,0.010714,0.000000,0.064286,0.000000
北京,0.007168,0.089606,0.043011,0.795699,0.007168,0.032258,0.025090
西南,0.000000,0.000000,0.000000,0.000000,0.867209,0.071364,0.061427
广东,0.000000,0.000000,0.000000,0.000000,0.175799,0.789954,0.034247
河南,0.000000,0.001558,0.000000,0.000000,0.092679,0.030374,0.875389
