true/pred,Mandarin,东北,东南,北京,西南,广东,河南
Mandarin,0.998484,0.000000,0.000000,0.000505,0.001011,0.000000,0.000000
东北,0.000000,0.450413,0.004132,0.533058,0.000000,0.008264,0.004132
东南,0.028571,0.003571,0.764286,0.053571,0.032143,0.114286,0.003571
北京,0.007168,0.068100,0.035842,0.820789,0.017921,0.035842,0.014337
西南,0.000903,0.000000,0.000000,0.000000,0.804878,0.140921,0.053297
广东,0.002283,0.000000,0.000000,0.009132,0.068493,0.794521,0.125571
河南,0.003115,0.000000,0.000000,0.000000,0.073209,0.072430,0.851246
