true/pred,Mandarin,东北,东南,北京,西南,广东,河南
Mandarin,0.999495,0.000000,0.000000,0.000000,0.000000,0.000505,0.000000
东北,0.008264,0.425620,0.000000,0.553719,0.000000,0.012397,0.000000
东南,0.000000,0.021429,0.532143,0.100000,0.003571,0.342857,0.000000
北京,0.003584,0.060932,0.068100,0.799283,0.003584,0.057348,0.007168
西南,0.000000,0.000000,0.004517,0.000903,0.793135,0.148148,0.053297
广东,0.000000,0.000000,0.002283,0.000000,0.152968,0.778539,0.066210
河南,0.000000,0.000779,0.000779,0.000779,0.166667,0.096573,0.734424
