true/pred,Mandarin,东北,东南,北京,西南,广东,河南
Mandarin,1.000000,0.000000,0.000000,0.000000,0.000000,0.000000,0.000000
东北,0.000000,0.371901,0.078512,0.541322,0.000000,0.008264,0.000000
东南,0.010714,0.000000,0.964286,0.007143,0.000000,0.017857,0.000000
北京,0.003584,0.125448,0.028674,0.756272,0.032258,0.035842,0.017921
西南,0.000000,0.000000,0.000000,0.000903,0.808491,0.115628,0.074977
广东,0.000000,0.000000,0.002283,0.000000,0.148402,0.753425,0.095890
河南,0.000000,0.000000,0.000000,0.000000,0.125389,0.072430,0.802181
