true/pred,Mandarin,东北,东南,北京,西南,广东,河南
Mandarin,1.000000,0.000000,0.000000,0.000000,0.000000,0.000000,0.000000
东北,0.000000,0.855372,0.008264,0.123967,0.012397,0.000000,0.000000
东南,0.000000,0.014286,0.578571,0.021429,0.010714,0.375000,0.000000
北京,0.032258,0.146953,0.107527,0.555556,0.060932,0.089606,0.007168
西南,0.000000,0.002710,0.001807,0.000000,0.787715,0.168925,0.038844
广东,0.000000,0.002283,0.000000,0.002283,0.086758,0.883562,0.025114
河南,0.031153,0.007788,0.001558,0.000000,0.081776,0.138629,0.739097
